regime,n_obs,total_spillover,US_net,JP_net,UK_net,DE_net,FR_net,IT_net,ES_net
Pre-Draghi (2010-2012),134,53.67979429200385,13.91809150683597,-36.18030538778197,12.123799654163458,23.33642504529537,5.074463623954983,0.6135890929279605,-18.88606353539576
QE Era (2015-2019),261,53.69672414701736,5.477205397997841,-22.230905834985794,1.2840265042319405,21.027211859880786,21.141105946940687,0.15814658924869238,-26.856790463314148
COVID/PEPP (2020-2021),104,59.9655970478375,4.937830346842872,-21.51570586772872,-1.891708410060517,26.21175946372669,37.62580815479813,11.27120654598874,-56.639190233567206
Tightening (2022-2023),104,68.70123370181243,8.271347897315769,-25.84008186133806,0.7011602349387132,31.904906174185093,33.04109096409264,20.089579286925527,-68.16800269611969
Cutting Cycle (2024+),102,68.04709421660196,11.596551675792153,-36.824897220010975,6.832031663947125,30.454620024617338,30.57401549402958,24.238260730597908,-66.87058236897312
